mv arc.elm  Arc.elm
mv arc002.elm  Arc002.elm
mv arc003.elm  Arc003.elm
mv arithmetic.elm  Arithmetic.elm
mv bezier001.elm  Bezier001.elm
mv bezier002.elm  Bezier002.elm
mv bezier003.elm  Bezier003.elm
mv bluebox001.elm  Bluebox001.elm
mv bluebox002.elm  Bluebox002.elm
mv bluebox003.elm  Bluebox003.elm
mv bluebox004.elm  Bluebox004.elm
mv board001.elm  Board001.elm
mv board002.elm  Board002.elm
mv chairalt.elm  Chairalt.elm
mv channel001.elm  Channel001.elm
mv channel002.elm  Channel002.elm
mv checkbox.elm  Checkbox.elm
mv class.elm  Class.elm
mv clickme001.elm  Clickme001.elm
mv clickme002.elm  Clickme002.elm
mv colorfind001.elm  Colorfind001.elm
mv colorfind002.elm  Colorfind002.elm
mv colorname002.elm  Colorname002.elm
mv colorname003.elm  Colorname003.elm
mv contenteditable001.elm  Contenteditable001.elm
mv contenteditable002.elm  Contenteditable002.elm
mv contenteditable003.elm  Contenteditable003.elm
mv contenteditable004.elm  Contenteditable004.elm
mv contenteditable005.elm  Contenteditable005.elm
mv conv001.elm  Conv001.elm
mv conv002.elm  Conv002.elm
mv counter.elm  Counter.elm
mv counterrecord.elm  Counterrecord.elm
mv counterreset.elm  Counterreset.elm
mv elmbase.elm  Elmbase.elm
mv elmui001.elm  Elmui001.elm
mv elmui002.elm  Elmui002.elm
mv externalcss.elm  Externalcss.elm
mv externalcss02.elm  Externalcss02.elm
mv fillstroke.elm  Fillstroke.elm
mv fireauth001.elm  Fireauth001.elm
mv fireauth002.elm  Fireauth002.elm
mv form.elm  Form.elm
mv form001.elm  Form001.elm
mv headlesscounter.elm  Headlesscounter.elm
mv hello002.elm  Hello002.elm
mv hello003.elm  Hello003.elm
mv hello004.elm  Hello004.elm
mv hello005.elm  Hello005.elm
mv hello006.elm  Hello006.elm
mv hello007.elm  Hello007.elm
mv hello008.elm  Hello008.elm
mv helloattributes.elm  Helloattributes.elm
mv hellobrowser.elm  Hellobrowser.elm
mv helloname.elm  Helloname.elm
mv helloname001.elm  Helloname001.elm
mv helloworldattribute.elm  Helloworldattribute.elm
mv helloworldcss.elm  Helloworldcss.elm
mv helloworlddiv.elm  Helloworlddiv.elm
mv helloworldtype.elm  Helloworldtype.elm
mv holyg001.elm  Holyg001.elm
mv holyg002.elm  Holyg002.elm
mv holyg003.elm  Holyg003.elm
mv hover.elm  Hover.elm
mv href.elm  Href.elm
mv htmlstudy01.elm  Htmlstudy01.elm
mv httpgetrepository.elm  Httpgetrepository.elm
mv httpgutenberg.elm  Httpgutenberg.elm
mv hypotenuse.elm  Hypotenuse.elm
mv ifthenclass.elm  Ifthenclass.elm
mv index001.elm  Index001.elm
mv index002.elm  Index002.elm
mv index003.elm  Index003.elm
mv json.elm  Json.elm
mv legend.elm  Legend.elm
mv letterfall.elm  Letterfall.elm
mv life001.elm  Life001.elm
mv life002 .elm  Life002 .elm
mv lineargradient.elm  Lineargradient.elm
mv localflag.elm  Localflag.elm
mv localflagtime.elm  Localflagtime.elm
mv localport.elm  Localport.elm
mv maybetemperature.elm  Maybetemperature.elm
mv misc001.elm  Misc001.elm
mv mouse001.elm  Mouse001.elm
mv mouse002.elm  Mouse002.elm
mv mouse003.elm  Mouse003.elm
mv mouse004.elm  Mouse004.elm
mv munou001.elm  Munou001.elm
mv navi.elm  Navi.elm
mv navi001.elm  Navi001.elm
mv navi002.elm  Navi002.elm
mv navi003.elm  Navi003.elm
mv navi004.elm  Navi004.elm
mv navi005.elm  Navi005.elm
mv navi006.elm  Navi006.elm
mv navi007.elm  Navi007.elm
mv navi008.elm  Navi008.elm
mv num2comma001 copy.elm  Num2comma001 copy.elm
mv num2comma002.elm  Num2comma002.elm
mv numguess.elm  Numguess.elm
mv numguess001.elm  Numguess001.elm
mv numguess002.elm  Numguess002.elm
mv numguess003.elm  Numguess003.elm
mv numguess004.elm  Numguess004.elm
mv numguess005.elm  Numguess005.elm
mv numguess006.elm  Numguess006.elm
mv onchange.elm  Onchange.elm
mv paragraph.elm  Paragraph.elm
mv paragraph001.elm  Paragraph001.elm
mv parse.elm  Parse.elm
mv pattern001.elm  Pattern001.elm
mv pattern002.elm  Pattern002.elm
mv pattern003.elm  Pattern003.elm
mv picshare001.elm  Picshare001.elm
mv picshare002.elm  Picshare002.elm
mv picshare003.elm  Picshare003.elm
mv picshare004.elm  Picshare004.elm
mv picshare005.elm  Picshare005.elm
mv picshare006.elm  Picshare006.elm
mv picshare007.elm  Picshare007.elm
mv picshare008.elm  Picshare008.elm
mv picshare009.elm  Picshare009.elm
mv picshare010.elm  Picshare010.elm
mv picshare011.elm  Picshare011.elm
mv picshare012.elm  Picshare012.elm
mv portexample.elm  Portexample.elm
mv portfolio.elm  Portfolio.elm
mv prime001.elm  Prime001.elm
mv radialgradient.elm  Radialgradient.elm
mv radialgradient001.elm  Radialgradient001.elm
mv radialgradient002.elm  Radialgradient002.elm
mv radiobutton.elm  Radiobutton.elm
mv random.elm  Random.elm
mv random001.elm  Random001.elm
mv random002.elm  Random002.elm
mv random003.elm  Random003.elm
mv random004.elm  Random004.elm
mv random005.elm  Random005.elm
mv result001.elm  Result001.elm
mv reverse.elm  Reverse.elm
mv reverse001.elm  Reverse001.elm
mv saladbuilder.elm  Saladbuilder.elm
mv saladbuilder001.elm  Saladbuilder001.elm
mv saladbuilder002.elm  Saladbuilder002.elm
mv saladbuilder003.elm  Saladbuilder003.elm
mv saladbuilder004.elm  Saladbuilder004.elm
mv saladbuilder005.elm  Saladbuilder005.elm
mv saladbuilder006.elm  Saladbuilder006.elm
mv searchboxgithub.elm  Searchboxgithub.elm
mv senni001.elm  Senni001.elm
mv shapes.elm  Shapes.elm
mv shapes001.elm  Shapes001.elm
mv shiku001.elm  Shiku001.elm
mv shiku002.elm  Shiku002.elm
mv shiku003.elm  Shiku003.elm
mv shiritori001.elm  Shiritori001.elm
mv shiritori002.elm  Shiritori002.elm
mv shiritori003.elm  Shiritori003.elm
mv skelton.elm  Skelton.elm
mv spa001.elm  Spa001.elm
mv spa002.elm  Spa002.elm
mv spa003.elm  Spa003.elm
mv spapicshare001.elm  Spapicshare001.elm
mv spapicshare002.elm  Spapicshare002.elm
mv strokedasharray.elm  Strokedasharray.elm
mv strokelinecap.elm  Strokelinecap.elm
mv strokelinejoin.elm  Strokelinejoin.elm
mv stylish.elm  Stylish.elm
mv stylish002.elm  Stylish002.elm
mv suit.elm  Suit.elm
mv svg001.elm  Svg001.elm
mv svg002.elm  Svg002.elm
mv svg003.elm  Svg003.elm
mv svg004.elm  Svg004.elm
mv svg005.elm  Svg005.elm
mv svg006.elm  Svg006.elm
mv svg007.elm  Svg007.elm
mv svgchristmas.elm  Svgchristmas.elm
mv svgclip.elm  Svgclip.elm
mv svgdice.elm  Svgdice.elm
mv svgdice001.elm  Svgdice001.elm
mv svgdice002.elm  Svgdice002.elm
mv svglogoanimation.elm  Svglogoanimation.elm
mv svgmask.elm  Svgmask.elm
mv svgmdn001.elm  Svgmdn001.elm
mv svgscale.elm  Svgscale.elm
mv svgstyle.elm  Svgstyle.elm
mv svgstyle000.elm  Svgstyle000.elm
mv svgstyle001.elm  Svgstyle001.elm
mv svgstyle002.elm  Svgstyle002.elm
mv svgstyle003.elm  Svgstyle003.elm
mv svgtext001.elm  Svgtext001.elm
mv svgtext002.elm  Svgtext002.elm
mv svgtext003.elm  Svgtext003.elm
mv svgtransf001.elm  Svgtransf001.elm
mv svgtransf002.elm  Svgtransf002.elm
mv svgtransf003.elm  Svgtransf003.elm
mv svgtransf004.elm  Svgtransf004.elm
mv talk001.elm  Talk001.elm
mv temp001.elm  Temp001.elm
mv textalignleft.elm  Textalignleft.elm
mv textfield.elm  Textfield.elm
mv textformlist.elm  Textformlist.elm
mv time001.elm  Time001.elm
mv time002.elm  Time002.elm
mv todo001.elm  Todo001.elm
mv todo002.elm  Todo002.elm
mv todo003.elm  Todo003.elm
mv todo004.elm  Todo004.elm
mv todo005.elm  Todo005.elm
mv todo006.elm  Todo006.elm
mv todo007.elm  Todo007.elm
mv todofire.elm  Todofire.elm
mv todofire002.elm  Todofire002.elm
mv todomvc001.elm  Todomvc001.elm
mv todomvc002.elm  Todomvc002.elm
mv todomvc003.elm  Todomvc003.elm
mv twodice.elm  Twodice.elm
mv twodice001.elm  Twodice001.elm
mv usefullinks.elm  Usefullinks.elm
mv whatsyourname.elm  Whatsyourname.elm
mv withoutmodel.elm  Withoutmodel.elm
   